snapshot,nodes,edges,density,communities,new_nodes,removed_nodes,new_edges,removed_edges,pagerank_max,pagerank_mean,dominant_node,dominant_score,dominance_ratio,top_pagerank
1962-09-01,2,1,0.5,1,0,0,0,0,0.649122638064138,0.4999999999999999,Argentina,0.649122638064138,1.849998627676622,"[('Argentina', 0.649122638064138), ('Chile', 0.3508773619358619)]"
1964-09-01,2,1,0.5,1,0,0,0,0,0.649122638064138,0.4999999999999999,Argentina,0.649122638064138,1.849998627676622,"[('Argentina', 0.649122638064138), ('Chile', 0.3508773619358619)]"
1965-05-01,2,1,0.5,1,0,0,0,0,0.649122638064138,0.4999999999999999,Argentina,0.649122638064138,1.849998627676622,"[('Argentina', 0.649122638064138), ('Chile', 0.3508773619358619)]"
1968-09-01,2,2,1.0,1,0,0,1,0,0.5,0.5,Argentina,0.5,1.0,"[('Argentina', 0.5), ('Chile', 0.5)]"
1971-05-01,2,1,0.5,1,0,0,0,1,0.649122638064138,0.4999999999999999,Argentina,0.649122638064138,1.849998627676622,"[('Argentina', 0.649122638064138), ('Chile', 0.3508773619358619)]"
1972-05-01,2,1,0.5,1,0,0,0,0,0.649122638064138,0.4999999999999999,Argentina,0.649122638064138,1.849998627676622,"[('Argentina', 0.649122638064138), ('Chile', 0.3508773619358619)]"
1973-05-01,2,2,1.0,1,0,0,1,0,0.5,0.5,Argentina,0.5,1.0,"[('Argentina', 0.5), ('Chile', 0.5)]"
1974-09-01,2,1,0.5,1,0,0,0,1,0.649122638064138,0.4999999999999999,Argentina,0.649122638064138,1.849998627676622,"[('Argentina', 0.649122638064138), ('Chile', 0.3508773619358619)]"
1976-09-01,2,1,0.5,1,0,0,0,0,0.649122638064138,0.4999999999999999,Argentina,0.649122638064138,1.849998627676622,"[('Argentina', 0.649122638064138), ('Chile', 0.3508773619358619)]"
